{"default":{"x":6.669400790229626,"y":-14.504653576565023,"z":-22.0355372783994,"rx":5.659585418701173,"ry":6.123405377197266,"rz":0},"johbob":{"x":1,"y":2,"z":99,"rx":1,"ry":3,"rz":9,"mouthOpen":true},"luke":{"x":1,"y":2,"z":3,"rx":1,"ry":3,"rz":9,"mouthOpen":true},"myName":{"x":60.57845193886187,"y":10.305729334316931,"z":-3.072367565209319,"rx":2.846633972167972,"ry":-1.7415391235351587,"rz":0}}