{"default":{"x":12.453068725580676,"y":29.876644298481136,"z":23.410022112282682,"rx":1.0370091704481141,"ry":0.07550342510256418,"rz":3.004346217490437},"johbob":{"x":1,"y":2,"z":99,"rx":1,"ry":3,"rz":9,"mouthOpen":true},"luke":{"x":1,"y":2,"z":3,"rx":1,"ry":3,"rz":9,"mouthOpen":true},"myName":{"x":60.57845193886187,"y":10.305729334316931,"z":-3.072367565209319,"rx":2.846633972167972,"ry":-1.7415391235351587,"rz":0}}